sifra;naziv;proizvodjac;skupina;kategorija;mjera;cijena_eur;sidrena_cijena_eur_2026-09-10
petrac--bregh-rose;Bregh Rose;Petrač;Vina na čašu;Pjenušava vina;0,1 l;8.00;8.00
jakopic--terbotz;Terbotz;Jakopić;Vina na čašu;Pjenušava vina;0,1 l;8.00;8.00
meneghetti--blanc-de-blancs;Blanc de Blancs;Meneghetti;Vina na čašu;Pjenušava vina;0,1 l;9.00;9.00
deutz--brut-classic;Brut Classic;Deutz;Vina na čašu;Šampanjac;0,1 l;16.00;16.00
henri-giraud--esprit-nature;Esprit Nature;Henri Giraud;Vina na čašu;Šampanjac;0,1 l;16.00;16.00
zilliken--riesling-butterfly-2024;Riesling Butterfly 2024;Zilliken;Vina na čašu;Bijela vina;0,1 l;8.00;8.00
jakopic--sauvignon-2024;Sauvignon 2024;Jakopić;Vina na čašu;Bijela vina;0,1 l;9.00;9.00
zilliken--rausch-kabinett-2025;Rausch Kabinett 2025;Zilliken;Vina na čašu;Bijela vina;0,1 l;13.00;13.00
benvenuti--malvazija-2025;Malvazija 2025;Benvenuti;Vina na čašu;Bijela vina;0,1 l;8.00;8.00
kunjas--posip-2024;Pošip 2024;Kunjas;Vina na čašu;Bijela vina;0,1 l;9.00;9.00
vie-di-romans--pinot-grigio-2023;Pinot Grigio 2023;Vie di Romans;Vina na čašu;Bijela vina;0,1 l;11.00;11.00
patrick-piuze--chablis-la-grande-vallee-2024;Chablis La Grande Vallée 2024;Patrick Piuze;Vina na čašu;Bijela vina;0,1 l;12.00;12.00
benanti--etna-bianco-2023;Etna Bianco 2023;Benanti;Vina na čašu;Bijela vina;0,1 l;12.00;12.00
vie-di-romans--friulano-2023;Friulano 2023;Vie di Romans;Vina na čašu;Bijela vina;0,1 l;12.00;12.00
philippe-chavy--bourgogne-chardonnay-2023;Bourgogne Chardonnay 2023;Philippe Chavy;Vina na čašu;Bijela vina;0,1 l;14.00;14.00
milos--stalagmit-2022;Stalagmit 2022;Miloš;Vina na čašu;Bijela vina;0,1 l;15.00;15.00
meneghetti--white-2023;White 2023;Meneghetti;Vina na čašu;Bijela vina;0,1 l;10.00;10.00
igor-ivanic--pinot-crni-dvije-ruze-2021;Pinot Crni Dvije Ruže 2021;Igor Ivanić;Vina na čašu;Crna vina;0,1 l;8.00;8.00
petrac--karizma-cuvee-2022;Karizma Cuvée 2022;Petrač;Vina na čašu;Crna vina;0,1 l;8.00;8.00
tomaz--teran-barbarossa-2020;Teran Barbarossa 2020;Tomaz;Vina na čašu;Crna vina;0,1 l;8.00;8.00
casa-rojo--cl98-2020;CL98 2020;Casa Rojo;Vina na čašu;Crna vina;0,1 l;10.00;10.00
azienda-duemani--cifra-2021;Cifra 2021;Azienda Duemani;Vina na čašu;Crna vina;0,1 l;11.00;11.00
moret-nomine--syrah-le-fales-2024;Syrah Le Fales 2024;Moret-Nominé;Vina na čašu;Crna vina;0,1 l;12.00;12.00
opg-vina-violic--sagul-plavac-mali-2022;Sagul Plavac mali 2022;OPG Vina Violić;Vina na čašu;Crna vina;0,1 l;8.00;8.00
petrac--enigma-2019;Enigma 2019;Petrač;Vina na čašu;Crna vina;0,1 l;10.00;10.00
rizman--tribidrag-2022;Tribidrag 2022;Rizman;Vina na čašu;Crna vina;0,1 l;10.00;10.00
skaramuca--dingac-elegance-2020;Dingač Elegance 2020;Skaramuča;Vina na čašu;Crna vina;0,1 l;14.00;14.00
meneghetti--red-2020;Red 2020;Meneghetti;Vina na čašu;Crna vina;0,1 l;15.00;15.00
benvenuti--santa-elizabeta-2021;Santa Elizabeta 2021;Benvenuti;Vina na čašu;Crna vina;0,1 l;15.00;15.00
gerzinic--muskat-2020;Muškat 2020;Geržinić;Vina na čašu;Desertna vina;0,05 l;5.00;5.00
jakopic--rajnski-rizling-izborna-berba-2019;Rajnski rizling izborna berba 2019;Jakopić;Vina na čašu;Desertna vina;0,05 l;8.00;8.00
niko-bura--prosek-ruza-dalmatinska;Prošek Ruža Dalmatinska;Niko Bura;Vina na čašu;Desertna vina;0,05 l;8.00;8.00
jakopic--terbotz;Terbotz;Jakopić;Pjenušci i šampanjci;Pjenušava vina;0,75 l;49.00;49.00
petrac--bregh-rose;Bregh Rose;Petrač;Pjenušci i šampanjci;Pjenušava vina;0,75 l;48.00;48.00
sember--pavel;Pavel;Šember;Pjenušci i šampanjci;Pjenušava vina;0,75 l;58.00;58.00
tomac--diplomat;Diplomat;Tomac;Pjenušci i šampanjci;Pjenušava vina;0,75 l;55.00;55.00
tomac--blanc-de-noirs;Blanc de Noirs;Tomac;Pjenušci i šampanjci;Pjenušava vina;0,75 l;67.00;67.00
tomac--rose;Rose;Tomac;Pjenušci i šampanjci;Pjenušava vina;0,75 l;48.00;48.00
contarini--prosecco-millesimato-2023;Prosecco Millesimato 2023;Contarini;Pjenušci i šampanjci;Pjenušava vina;0,75 l;40.00;40.00
corte-aura--franciacorta-brut;Franciacorta Brut;Corte Aura;Pjenušci i šampanjci;Pjenušava vina;0,75 l;67.00;67.00
corte-aura--franciacorta-saten;Franciacorta Satèn;Corte Aura;Pjenušci i šampanjci;Pjenušava vina;0,75 l;84.00;84.00
movia--puro-rose;Puro Rose;Movia;Pjenušci i šampanjci;Pjenušava vina;0,75 l;70.00;70.00
movia--puro-brut;Puro Brut;Movia;Pjenušci i šampanjci;Pjenušava vina;0,75 l;70.00;70.00
de-sousa--chemins-des-terroirs;Chemins des Terroirs;De Sousa;Pjenušci i šampanjci;Šampanjac;0,75 l;100.00;100.00
de-sousa--cuvee-3a-grand-cru;Cuvée 3A Grand Cru;De Sousa;Pjenušci i šampanjci;Šampanjac;0,75 l;170.00;170.00
de-sousa--mycorhize-grand-cru;Mycorhize Grand Cru;De Sousa;Pjenušci i šampanjci;Šampanjac;0,75 l;167.00;167.00
pertois-moriset--l-assemblage-brut;L'Assemblage Brut;Pertois-Moriset;Pjenušci i šampanjci;Šampanjac;0,75 l;100.00;100.00
pertois-moriset--l-annee-millesime-grand-cru-blanc-de-blancs-2017;L'Année Millésime Grand Cru Blanc de Blancs 2017;Pertois-Moriset;Pjenušci i šampanjci;Šampanjac;0,75 l;190.00;190.00
pertois-moriset--la-collection-rose-blanc-grand-cru;La Collection Rosé & Blanc Grand Cru;Pertois-Moriset;Pjenušci i šampanjci;Šampanjac;0,75 l;127.00;127.00
l-hoste-pere-fils--l-hoste-rose;L'Hoste Rosé;L'Hoste Père & Fils;Pjenušci i šampanjci;Šampanjac;0,75 l;97.00;97.00
delamotte--blanc-de-blancs-2018;Blanc de Blancs 2018;Delamotte;Pjenušci i šampanjci;Šampanjac;0,75 l;240.00;240.00
deutz--brut-classic;Brut Classic;Deutz;Pjenušci i šampanjci;Šampanjac;0,75 l;115.00;115.00
egly-ouriet--grand-cru-brut-tradition;Grand Cru Brut Tradition;Egly-Ouriet;Pjenušci i šampanjci;Šampanjac;0,75 l;170.00;170.00
louis-roederer--cristal-2015;Cristal 2015;Louis Roederer;Pjenušci i šampanjci;Šampanjac;0,75 l;540.00;540.00
vouette-sorbee--textures-brut-nature;Textures Brut Nature;Vouette & Sorbée;Pjenušci i šampanjci;Šampanjac;0,75 l;170.00;170.00
ruppert-leroy--martin-fontaine-2019;Martin Fontaine 2019;Ruppert-Leroy;Pjenušci i šampanjci;Šampanjac;0,75 l;160.00;160.00
ruppert-leroy--papillon;Papillon;Ruppert-Leroy;Pjenušci i šampanjci;Šampanjac;0,75 l;170.00;170.00
billecart-salmon--le-reserve;Le Réserve;Billecart-Salmon;Pjenušci i šampanjci;Šampanjac;0,75 l;135.00;135.00
billecart-salmon--blanc-de-blancs-grand-cru;Blanc de Blancs Grand Cru;Billecart-Salmon;Pjenušci i šampanjci;Šampanjac;0,75 l;210.00;210.00
billecart-salmon--le-rose;Le Rosé;Billecart-Salmon;Pjenušci i šampanjci;Šampanjac;0,75 l;185.00;185.00
henri-giraud--esprit-nature;Esprit Nature;Henri Giraud;Pjenušci i šampanjci;Šampanjac;0,75 l;120.00;120.00
henri-giraud--hommage-au-pinot-noir;Hommage au Pinot Noir;Henri Giraud;Pjenušci i šampanjci;Šampanjac;0,75 l;135.00;135.00
jacques-selosse--initial-brut;Initial Brut;Jacques Selosse;Pjenušci i šampanjci;Šampanjac;0,75 l;560.00;560.00
jacques-selosse--version-originale;Version Originale;Jacques Selosse;Pjenušci i šampanjci;Šampanjac;0,75 l;650.00;650.00
jacques-selosse--les-carelles;Les Carelles;Jacques Selosse;Pjenušci i šampanjci;Šampanjac;0,75 l;850.00;850.00
jacques-selosse--rose-brut;Rosé Brut;Jacques Selosse;Pjenušci i šampanjci;Šampanjac;0,75 l;790.00;790.00
moet-chandon--dom-perignon-2015;Dom Pérignon 2015;Moët & Chandon;Pjenušci i šampanjci;Šampanjac;0,75 l;480.00;480.00
moet-chandon--dom-perignon-p2-2004;Dom Pérignon P2 2004;Moët & Chandon;Pjenušci i šampanjci;Šampanjac;0,75 l;1450.00;1450.00
moet-chandon--dom-perignon-p3-1993;Dom Pérignon P3 1993;Moët & Chandon;Pjenušci i šampanjci;Šampanjac;0,75 l;4850.00;4850.00
salon--salon-blanc-de-blancs-2013;Salon Blanc de Blancs 2013;Salon;Pjenušci i šampanjci;Šampanjac;0,75 l;1650.00;1650.00
krug--krug-grande-cuvee;Krug Grande Cuvée;Krug;Pjenušci i šampanjci;Šampanjac;0,75 l;510.00;510.00
krug--krug-1996;Krug 1996;Krug;Pjenušci i šampanjci;Šampanjac;0,75 l;1780.00;1780.00
krug--krug-2004;Krug 2004;Krug;Pjenušci i šampanjci;Šampanjac;0,75 l;890.00;890.00
krug--clos-du-mesnil-2008;Clos du Mesnil 2008;Krug;Pjenušci i šampanjci;Šampanjac;0,75 l;2780.00;2780.00
krug--clos-d-ambonnay-1996;Clos d'Ambonnay 1996;Krug;Pjenušci i šampanjci;Šampanjac;0,75 l;4890.00;4890.00
petrac--grasevina-2024;Graševina 2024;Petrač;Bijela vina;Bijela vina;0,75 l;39.00;39.00
petrac--chardonnay-2023;Chardonnay 2023;Petrač;Bijela vina;Bijela vina;0,75 l;46.00;46.00
erdoro--sauvignon-classy-2022;Sauvignon Classy 2022;Erdoro;Bijela vina;Bijela vina;0,75 l;75.00;75.00
korak--sauvignon-2024;Sauvignon 2024;Korak;Bijela vina;Bijela vina;0,75 l;54.00;54.00
korak--chardonnay-sur-lie-2024;Chardonnay “Sur Lie” 2024;Korak;Bijela vina;Bijela vina;0,75 l;70.00;70.00
jakopic--sauvignon-2024;Sauvignon 2024;Jakopić;Bijela vina;Bijela vina;0,75 l;45.00;45.00
jakopic--riesling-2024;Riesling 2024;Jakopić;Bijela vina;Bijela vina;0,75 l;45.00;45.00
benvenuti--malvazija-2025;Malvazija 2025;Benvenuti;Bijela vina;Bijela vina;0,75 l;44.00;44.00
matosevic--grimalda-bijela-2022;Grimalda bijela 2022;Matošević;Bijela vina;Bijela vina;0,75 l;60.00;60.00
clai--malvazija-sv-jakov-2021;Malvazija Sv. Jakov 2021;Clai;Bijela vina;Bijela vina;0,75 l;60.00;60.00
clai--ottocento-bijeli-2022;Ottocento bijeli 2022;Clai;Bijela vina;Bijela vina;0,75 l;62.00;62.00
meneghetti--white-2023;White 2023;Meneghetti;Bijela vina;Bijela vina;0,75 l;87.00;87.00
saints-hills--le-chiffre-2023;Le Chiffre 2023;Saints Hills;Bijela vina;Bijela vina;0,75 l;140.00;140.00
krajancic--posip-intrada-2025;Pošip Intrada 2025;Krajančić;Bijela vina;Bijela vina;0,75 l;73.00;73.00
kunjas--posip-2024;Pošip 2024;Kunjas;Bijela vina;Bijela vina;0,75 l;49.00;49.00
kunjas--grk-2024;Grk 2024;Kunjas;Bijela vina;Bijela vina;0,75 l;63.00;63.00
milos--stalagmit-2022;Stalagmit 2022;Miloš;Bijela vina;Bijela vina;0,75 l;120.00;120.00
markus--dan-po-dan-2022;Dan po dan 2022;Markus;Bijela vina;Bijela vina;0,75 l;90.00;90.00
bire--grk-2025;Grk 2025;Bire;Bijela vina;Bijela vina;0,75 l;100.00;100.00
cecavac--jeka-blanc-2024;Jeka Blanc 2024;Čečavac;Bijela vina;Bijela vina;0,75 l;130.00;130.00
a-clusserath--vom-schiefer-2020;Vom Schiefer 2020;A. Clüsserath;Bijela vina;Bijela vina;0,75 l;45.00;45.00
a-clusserath--trittenheimer-apotheke-kabinett-2024;Trittenheimer Apotheke Kabinett 2024;A. Clüsserath;Bijela vina;Bijela vina;0,75 l;80.00;80.00
zilliken--riesling-butterfly-2024;Riesling Butterfly 2024;Zilliken;Bijela vina;Bijela vina;0,75 l;55.00;55.00
zilliken--rausch-kabinett-2025;Rausch Kabinett 2025;Zilliken;Bijela vina;Bijela vina;0,75 l;91.00;91.00
weingut-heymann-lowenstein--riesling-schieferterrassen-2023;Riesling Schieferterrassen 2023;Weingut Heymann-Löwenstein;Bijela vina;Bijela vina;0,75 l;89.00;89.00
weingut-heymann-lowenstein--riesling-stolzenberg-2017;Riesling Stolzenberg 2017;Weingut Heymann-Löwenstein;Bijela vina;Bijela vina;0,75 l;97.00;97.00
weingut-heymann-lowenstein--riesling-uhlen-blaufusser-lay-gg-2022;Riesling Uhlen Blaufüßer Lay GG 2022;Weingut Heymann-Löwenstein;Bijela vina;Bijela vina;0,75 l;145.00;145.00
weingut-wittmann--riesling-westhofener-2021;Riesling Westhofener 2021;Weingut Wittmann;Bijela vina;Bijela vina;0,75 l;87.00;87.00
weingut-wittmann--riesling-aulerde-gg-2020;Riesling Aulerde GG 2020;Weingut Wittmann;Bijela vina;Bijela vina;0,75 l;136.00;136.00
weingut-wittmann--riesling-kirchspiel-gg-2020;Riesling Kirchspiel GG 2020;Weingut Wittmann;Bijela vina;Bijela vina;0,75 l;180.00;180.00
weingut-knebel--riesling-rottgen-gg-2023;Riesling Röttgen GG 2023;Weingut Knebel;Bijela vina;Bijela vina;0,75 l;110.00;110.00
dr-burklin-wolf--riesling-gaisbohl-gg-2017;Riesling Gaisböhl GG 2017;Dr. Bürklin-Wolf;Bijela vina;Bijela vina;0,75 l;140.00;140.00
weingut-joh-jos-prum--riesling-wehlener-sonnenuhr-kabinett-2023;Riesling Wehlener Sonnenuhr Kabinett 2023;Weingut Joh. Jos. Prüm;Bijela vina;Bijela vina;0,75 l;110.00;110.00
weingut-a-christmann--riesling-aus-den-lagen-2021;Riesling Aus den Lagen 2021;Weingut A. Christmann;Bijela vina;Bijela vina;0,75 l;52.00;52.00
weingut-a-christmann--idig-riesling-gg-2021;Idig Riesling GG 2021;Weingut A. Christmann;Bijela vina;Bijela vina;0,75 l;189.00;189.00
egon-muller--riesling-scharzhof-2023;Riesling Scharzhof 2023;Egon Müller;Bijela vina;Bijela vina;0,75 l;170.00;170.00
bernhard-ott--fass-4-gruner-veltliner-2023;Fass 4 Grüner Veltliner 2023;Bernhard Ott;Bijela vina;Bijela vina;0,75 l;57.00;57.00
weingut-prager--gruner-veltliner-federspiel-ried-hinter-der-burg-2024;Grüner Veltliner Federspiel Ried Hinter der Burg 2024;Weingut Prager;Bijela vina;Bijela vina;0,75 l;110.00;110.00
weingut-prager--riesling-smaragd-ried-klaus-2024;Riesling Smaragd Ried Klaus 2024;Weingut Prager;Bijela vina;Bijela vina;0,75 l;150.00;150.00
maria-sepp-muster--sauvignon-vom-opok-2021;Sauvignon vom Opok 2021;Maria & Sepp Muster;Bijela vina;Bijela vina;0,75 l;67.00;67.00
maria-sepp-muster--graf-2020;Graf 2020;Maria & Sepp Muster;Bijela vina;Bijela vina;0,75 l;87.00;87.00
patrick-piuze--chablis-la-grande-vallee-2024;Chablis La Grande Vallée 2024;Patrick Piuze;Bijela vina;Bijela vina;0,75 l;90.00;90.00
pattes-loup--chablis-2022;Chablis 2022;Pattes Loup;Bijela vina;Bijela vina;0,75 l;87.00;87.00
pattes-loup--chablis-1er-cru-butteaux-2019;Chablis 1er Cru Butteaux 2019;Pattes Loup;Bijela vina;Bijela vina;0,75 l;178.00;178.00
rene-vincent-dauvissat--chablis-1er-cru-vaillons-2018;Chablis 1er Cru Vaillons 2018;René & Vincent Dauvissat;Bijela vina;Bijela vina;0,75 l;750.00;750.00
patrick-piuze--chablis-grand-cru-les-clos-2023;Chablis Grand Cru Les Clos 2023;Patrick Piuze;Bijela vina;Bijela vina;0,75 l;250.00;250.00
patrick-piuze--chablis-grand-cru-preuses-2022;Chablis Grand Cru Preuses 2022;Patrick Piuze;Bijela vina;Bijela vina;0,75 l;250.00;250.00
domaine-francois-raveneau--chablis-grand-cru-valmur-2020;Chablis Grand Cru Valmur 2020;Domaine François Raveneau;Bijela vina;Bijela vina;0,75 l;1450.00;1450.00
remi-jobard--bourgogne-cote-d-or-blanc-2022;Bourgogne Côte d'Or Blanc 2022;Rémi Jobard;Bijela vina;Bijela vina;0,75 l;75.00;75.00
philippe-chavy--bourgogne-chardonnay-2023;Bourgogne Chardonnay 2023;Philippe Chavy;Bijela vina;Bijela vina;0,75 l;89.00;89.00
francois-mikulski--bourgogne-2023;Bourgogne 2023;François Mikulski;Bijela vina;Bijela vina;0,75 l;110.00;110.00
domaine-jean-chartron--rully-montmorin-2023;Rully Montmorin 2023;Domaine Jean Chartron;Bijela vina;Bijela vina;0,75 l;88.00;88.00
david-moret--rully-2023;Rully 2023;David Moret;Bijela vina;Bijela vina;0,75 l;97.00;97.00
david-moret--saint-romain-2023;Saint-Romain 2023;David Moret;Bijela vina;Bijela vina;0,75 l;115.00;115.00
david-moret--auxey-duresses-2023;Auxey-Duresses 2023;David Moret;Bijela vina;Bijela vina;0,75 l;107.00;107.00
david-moret--meursault-2020;Meursault 2020;David Moret;Bijela vina;Bijela vina;0,75 l;210.00;210.00
theo-dancer--bourgogne-aligote-2023;Bourgogne Aligoté 2023;Théo Dancer;Bijela vina;Bijela vina;0,75 l;135.00;135.00
hubert-lignier--aligote-2021;Aligoté 2021;Hubert Lignier;Bijela vina;Bijela vina;0,75 l;65.00;65.00
domaine-jean-chartron--chassagne-montrachet-les-benoites-2022;Chassagne-Montrachet Les Benoites 2022;Domaine Jean Chartron;Bijela vina;Bijela vina;0,75 l;146.00;146.00
domaine-jean-chartron--puligny-montrachet-1er-cru-clos-de-la-pucelle-monopole-2021;Puligny-Montrachet 1er Cru Clos de la Pucelle Monopole 2021;Domaine Jean Chartron;Bijela vina;Bijela vina;0,75 l;245.00;245.00
philippe-chavy--st-aubin-1er-cru-les-murgers-des-dents-de-chien-2021;St-Aubin 1er Cru Les Murgers des Dents de Chien 2021;Philippe Chavy;Bijela vina;Bijela vina;0,75 l;127.00;127.00
hubert-lamy--saint-aubin-1er-cru-en-remilly-2023;Saint-Aubin 1er Cru En Remilly 2023;Hubert Lamy;Bijela vina;Bijela vina;0,75 l;400.00;400.00
hubert-lamy--saint-aubin-1er-cru-les-frionnes-2023;Saint-Aubin 1er Cru Les Frionnes 2023;Hubert Lamy;Bijela vina;Bijela vina;0,75 l;295.00;295.00
hubert-lamy--saint-aubin-la-princee-2023;Saint-Aubin La Princée 2023;Hubert Lamy;Bijela vina;Bijela vina;0,75 l;270.00;270.00
philippe-chavy--meursault-1er-cru-les-charmes-2021;Meursault 1er Cru Les Charmes 2021;Philippe Chavy;Bijela vina;Bijela vina;0,75 l;268.00;268.00
remi-jobard--meursault-sous-la-velle-2022;Meursault Sous la Velle 2022;Rémi Jobard;Bijela vina;Bijela vina;0,75 l;190.00;190.00
remi-jobard--meursault-1er-cru-le-poruzot-dessus-2022;Meursault 1er Cru Le Poruzot Dessus 2022;Rémi Jobard;Bijela vina;Bijela vina;0,75 l;284.00;284.00
bernard-bonin--meursault-les-tillets-2023;Meursault Les Tillets 2023;Bernard-Bonin;Bijela vina;Bijela vina;0,75 l;920.00;920.00
bernard-bonin--meursault-la-rencontre-2023;Meursault La Rencontre 2023;Bernard-Bonin;Bijela vina;Bijela vina;0,75 l;790.00;790.00
bernard-bonin--meursault-clos-du-cromin-le-pre-manche-2023;Meursault Clos du Cromin Le Pre Manche 2023;Bernard-Bonin;Bijela vina;Bijela vina;0,75 l;790.00;790.00
bernard-bonin--meursault-les-narvaux-dessus-2023;Meursault Les Narvaux Dessus 2023;Bernard-Bonin;Bijela vina;Bijela vina;0,75 l;970.00;970.00
bernard-bonin--meursault-villages-le-limozin-2023;Meursault Villages Le Limozin 2023;Bernard-Bonin;Bijela vina;Bijela vina;0,75 l;970.00;970.00
domaine-jean-chartron--corton-charlemagne-grand-cru-2022;Corton-Charlemagne Grand Cru 2022;Domaine Jean Chartron;Bijela vina;Bijela vina;0,75 l;560.00;560.00
francois-crochet--sancerre-blanc-2023;Sancerre Blanc 2023;François Crochet;Bijela vina;Bijela vina;0,75 l;87.00;87.00
pascal-cotat--sancerre-blanc-les-monts-damnes-2020;Sancerre Blanc Les Monts Damnés 2020;Pascal Cotat;Bijela vina;Bijela vina;0,75 l;127.00;127.00
domaine-albert-mann--riesling-2022;Riesling 2022;Domaine Albert Mann;Bijela vina;Bijela vina;0,75 l;81.00;81.00
domaine-albert-mann--riesling-grand-cru-schlossberg-2020;Riesling Grand Cru Schlossberg 2020;Domaine Albert Mann;Bijela vina;Bijela vina;0,75 l;155.00;155.00
domaine-albert-mann--riesling-grand-cru-furstentum-2020;Riesling Grand Cru Furstentum 2020;Domaine Albert Mann;Bijela vina;Bijela vina;0,75 l;155.00;155.00
domaine-albert-mann--pinot-gris-grand-cru-hengst-2020;Pinot Gris Grand Cru Hengst 2020;Domaine Albert Mann;Bijela vina;Bijela vina;0,75 l;87.00;87.00
domaine-de-l-ecu--matris-2018;Matris 2018;Domaine de l'Écu;Bijela vina;Bijela vina;0,75 l;65.00;65.00
domaine-bourdy--savagnin-2018;Savagnin 2018;Domaine Bourdy;Bijela vina;Bijela vina;0,75 l;53.00;53.00
domaine-bourdy--vin-jaune-2014;Vin Jaune 2014;Domaine Bourdy;Bijela vina;Bijela vina;0,62 l;64.00;64.00
domaine-bourdy--chateau-chalon-2014;Château-Chalon 2014;Domaine Bourdy;Bijela vina;Bijela vina;0,75 l;135.00;135.00
jules-desjourneys--macon-prisse-en-chailloux-blanc-2021;Mâcon Prissé En Chailloux Blanc 2021;Jules Desjourneys;Bijela vina;Bijela vina;0,75 l;90.00;90.00
jules-desjourneys--macon-verze-blanc-2021;Mâcon Verzé Blanc 2021;Jules Desjourneys;Bijela vina;Bijela vina;0,75 l;90.00;90.00
jules-desjourneys--pouilly-fuisse-blanc-2021;Pouilly-Fuissé Blanc 2021;Jules Desjourneys;Bijela vina;Bijela vina;0,75 l;120.00;120.00
jules-desjourneys--pouilly-vinzelles-les-longeays-blanc-2021;Pouilly-Vinzelles Les Longeays Blanc 2021;Jules Desjourneys;Bijela vina;Bijela vina;0,75 l;139.00;139.00
jules-desjourneys--saint-veran-blanc-2021;Saint-Véran Blanc 2021;Jules Desjourneys;Bijela vina;Bijela vina;0,75 l;129.00;129.00
alois-lageder--chardonnay-2024;Chardonnay 2024;Alois Lageder;Bijela vina;Bijela vina;0,75 l;47.00;47.00
alois-lageder--pinot-bianco-versalto-2023;Pinot Bianco Versalto 2023;Alois Lageder;Bijela vina;Bijela vina;0,75 l;47.00;47.00
alois-lageder--pinot-grigio-porer-2023;Pinot Grigio Porer 2023;Alois Lageder;Bijela vina;Bijela vina;0,75 l;55.00;55.00
peter-dipoli--sauvignon-voglar-2019;Sauvignon Voglar 2019;Peter Dipoli;Bijela vina;Bijela vina;0,75 l;50.00;50.00
damijan-podversic--ribolla-2015;Ribolla 2015;Damijan Podveršič;Bijela vina;Bijela vina;0,75 l;95.00;95.00
damijan-podversic--ribolla-2020;Ribolla 2020;Damijan Podveršič;Bijela vina;Bijela vina;0,75 l;77.00;77.00
damijan-podversic--kaplja-2018;Kaplja 2018;Damijan Podveršič;Bijela vina;Bijela vina;0,75 l;95.00;95.00
damijan-podversic--malvasia-2018;Malvasia 2018;Damijan Podveršič;Bijela vina;Bijela vina;0,75 l;93.00;93.00
benanti--etna-bianco-2023;Etna Bianco 2023;Benanti;Bijela vina;Bijela vina;0,75 l;95.00;95.00
vodopivec--origine-2016;Origine 2016;Vodopivec;Bijela vina;Bijela vina;0,75 l;96.00;96.00
vodopivec--solo-2018;Solo 2018;Vodopivec;Bijela vina;Bijela vina;0,75 l;109.00;109.00
dario-princic--jakot-2019;Jakot 2019;Dario Prinčič;Bijela vina;Bijela vina;0,75 l;75.00;75.00
marques-de-murrieta--capellania-2019;Capellanía 2019;Marqués de Murrieta;Bijela vina;Bijela vina;0,75 l;180.00;180.00
lopez-de-heredia--gravonia-crianza-2015;Gravonia Crianza 2015;López de Heredia;Bijela vina;Bijela vina;0,75 l;90.00;90.00
casa-rojo--orange-republic-2021;Orange Republic 2021;Casa Rojo;Bijela vina;Bijela vina;0,75 l;68.00;68.00
marjan-simcic--sauvignon-vert;Sauvignon Vert;Marjan Simčič;Bijela vina;Bijela vina;0,75 l;100.00;100.00
baraka--malena-2022;Malena 2022;Baraka;Rosé vina;Rosé vina;0,75 l;50.00;50.00
bastian--rose;Rose;Bastian;Rosé vina;Rosé vina;0,75 l;50.00;50.00
petrac--karizma-cuvee-2022;Karizma Cuvée 2022;Petrač;Crna vina;Crna vina;0,75 l;50.00;50.00
petrac--enigma-2019;Enigma 2019;Petrač;Crna vina;Crna vina;0,75 l;75.00;75.00
igor-ivanic--pinot-crni-dvije-ruze-2021;Pinot Crni Dvije Ruže 2021;Igor Ivanić;Crna vina;Crna vina;0,75 l;54.00;54.00
erdoro--pinot-noir-2021;Pinot Noir 2021;Erdoro;Crna vina;Crna vina;0,75 l;70.00;70.00
korak--pinot-crni-2023;Pinot Crni 2023;Korak;Crna vina;Crna vina;0,75 l;70.00;70.00
matosevic--grimalda-crna-2021;Grimalda crna 2021;Matošević;Crna vina;Crna vina;0,75 l;66.00;66.00
clai--ottocento-crni-2022;Ottocento Crni 2022;Clai;Crna vina;Crna vina;0,75 l;66.00;66.00
budinski--refosk-omo-2020;Refošk Omo 2020;Budinski;Crna vina;Crna vina;0,75 l;100.00;100.00
tomaz--teran-2022;Teran 2022;Tomaz;Crna vina;Crna vina;0,75 l;60.00;60.00
boskinac--cuvee-boskinac-crni-2018;Cuvée Boškinac Crni 2018;Boškinac;Crna vina;Crna vina;0,75 l;90.00;90.00
opg-vina-violic--sagul-plavac-mali-2022;Sagul Plavac mali 2022;OPG Vina Violić;Crna vina;Crna vina;0,75 l;49.00;49.00
mrgudic--postup-mare-2020;Postup Mare 2020;Mrgudić;Crna vina;Crna vina;0,75 l;96.00;96.00
benmosche-family--dingac-2021;Dingač 2021;Benmosche Family;Crna vina;Crna vina;0,75 l;91.00;91.00
benmosche-family--zinfandel-2019;Zinfandel 2019;Benmosche Family;Crna vina;Crna vina;0,75 l;89.00;89.00
saints-hills--black-2022;Black 2022;Saints Hills;Crna vina;Crna vina;0,75 l;70.00;70.00
rizman--tribidrag-2022;Tribidrag 2022;Rizman;Crna vina;Crna vina;0,75 l;75.00;75.00
kunjas--pagadebit-2018;Pagadebit 2018;Kunjas;Crna vina;Crna vina;0,75 l;85.00;85.00
saints-hills--pape-2023;Pape 2023;Saints Hills;Crna vina;Crna vina;0,75 l;70.00;70.00
milos--stagnum-2016;Stagnum 2016;Miloš;Crna vina;Crna vina;0,75 l;145.00;145.00
cecavac-gaspar--jeka-dalmatia-2020;Jeka Dalmatia 2020;Čečavac & Gašpar;Crna vina;Crna vina;0,75 l;250.00;250.00
mrgudic--bura-2021;Bura 2021;Mrgudić;Crna vina;Crna vina;0,75 l;195.00;195.00
meneghetti--red-2020;Red 2020;Meneghetti;Crna vina;Crna vina;0,75 l;180.00;180.00
markus--fetivi-2020;Fetivi 2020;Markus;Crna vina;Crna vina;0,75 l;145.00;145.00
markus--pepejuh-2019;Pepejuh 2019;Markus;Crna vina;Crna vina;0,75 l;150.00;150.00
markus--pepejuh-2017;Pepejuh 2017;Markus;Crna vina;Crna vina;0,75 l;160.00;160.00
skaramuca--dingac-elegance-2020;Dingač Elegance 2020;Skaramuča;Crna vina;Crna vina;0,75 l;75.00;75.00
hubert-lignier--bourgogne-2023;Bourgogne 2023;Hubert Lignier;Crna vina;Crna vina;0,75 l;106.00;106.00
hubert-lignier--pommard-1er-cru-les-arvelets-2019;Pommard 1er Cru Les Arvelets 2019;Hubert Lignier;Crna vina;Crna vina;0,75 l;186.00;186.00
hubert-lignier--charmes-chambertin-grand-cru-2021;Charmes-Chambertin Grand Cru 2021;Hubert Lignier;Crna vina;Crna vina;0,75 l;650.00;650.00
hubert-lignier--morey-saint-denis-2019;Morey-Saint-Denis 2019;Hubert Lignier;Crna vina;Crna vina;0,75 l;178.00;178.00
machard-de-gramont-bertrand--vosne-romanee-2022;Vosne-Romanée 2022;Machard de Gramont Bertrand;Crna vina;Crna vina;0,75 l;178.00;178.00
machard-de-gramont-bertrand--vosne-romanee-les-barreaux-2022;Vosne-Romanée Les Barreaux 2022;Machard de Gramont Bertrand;Crna vina;Crna vina;0,75 l;210.00;210.00
machard-de-gramont-bertrand--nuits-saint-georges-les-hauts-pruliers-2016;Nuits-Saint-Georges Les Hauts-Pruliers 2016;Machard de Gramont Bertrand;Crna vina;Crna vina;0,75 l;127.00;127.00
hubert-lignier--nuits-saint-georges-les-didiers-1er-cru-2013;Nuits-Saint-Georges “Les Didiers” 1er Cru 2013;Hubert Lignier;Crna vina;Crna vina;0,75 l;340.00;340.00
domaine-armand-rousseau-pere-fils--gevrey-chambertin-1er-cru-lavaux-2018;Gevrey-Chambertin 1er Cru Lavaux 2018;Domaine Armand Rousseau Père & Fils;Crna vina;Crna vina;0,75 l;1400.00;1400.00
remi-jobard--volnay-1er-cru-les-santenots-2022;Volnay 1er Cru Les Santenots 2022;Rémi Jobard;Crna vina;Crna vina;0,75 l;235.00;235.00
hubert-lamy--chassagne-montrachet-la-goujonne-vieilles-vignes-rouge-2023;Chassagne-Montrachet La Goujonne Vieilles Vignes Rouge 2023;Hubert Lamy;Crna vina;Crna vina;0,75 l;280.00;280.00
hubert-lamy--santenay-1er-cru-clos-des-gravieres-vieilles-vignes-rouge-2023;Santenay 1er Cru Clos des Gravières Vieilles Vignes Rouge 2023;Hubert Lamy;Crna vina;Crna vina;0,75 l;290.00;290.00
chateau-de-pez--saint-estephe-2022;Saint-Estèphe 2022;Château de Pez;Crna vina;Crna vina;0,75 l;155.00;155.00
chateau-troplong-mondot--saint-emilion-grand-cru-2020;Saint-Émilion Grand Cru 2020;Château Troplong Mondot;Crna vina;Crna vina;0,75 l;478.00;478.00
chateau-gazin--pomerol-2020;Pomerol 2020;Château Gazin;Crna vina;Crna vina;0,75 l;390.00;390.00
chateau-la-pointe--la-pointe-rouge-2022;La Pointe Rouge 2022;Château La Pointe;Crna vina;Crna vina;0,75 l;220.00;220.00
chateau-canon--saint-emilion-grand-cru-2020;Saint-Émilion Grand Cru 2020;Château Canon;Crna vina;Crna vina;0,75 l;390.00;390.00
chateau-leoville-barton--saint-julien-2021;Saint-Julien 2021;Château Léoville Barton;Crna vina;Crna vina;0,75 l;390.00;390.00
moret-nomine--syrah-le-fales-2024;Syrah Le Fales 2024;Moret-Nominé;Crna vina;Crna vina;0,75 l;80.00;80.00
jules-desjourneys--beaujolais-patacaisse-rouge-2022;Beaujolais Patacaisse Rouge 2022;Jules Desjourneys;Crna vina;Crna vina;0,75 l;80.00;80.00
jules-desjourneys--rouge-2023;Rouge 2023;Jules Desjourneys;Crna vina;Crna vina;0,75 l;80.00;80.00
alois-lageder--pinot-nero-krafuss-2019;Pinot Nero Krafuss 2019;Alois Lageder;Crna vina;Crna vina;0,75 l;110.00;110.00
alois-lageder--cabernet-lowengang-2013;Cabernet Löwengang 2013;Alois Lageder;Crna vina;Crna vina;0,75 l;110.00;110.00
az-agr-e-pira-figli-chiara-boschis--barbera-d-alba-superiore-2021;Barbera d'Alba Superiore 2021;Az. Agr. E. Pira & Figli – Chiara Boschis;Crna vina;Crna vina;0,75 l;63.00;63.00
az-agr-e-pira-figli-chiara-boschis--barolo-2018;Barolo 2018;Az. Agr. E. Pira & Figli – Chiara Boschis;Crna vina;Crna vina;0,75 l;210.00;210.00
roagna--barolo-pira-2018;Barolo Pira 2018;Roagna;Crna vina;Crna vina;0,75 l;380.00;380.00
roagna--barbaresco-albesani-2019;Barbaresco Albesani 2019;Roagna;Crna vina;Crna vina;0,75 l;580.00;580.00
roagna--barbaresco-asili-vecchie-viti-2019;Barbaresco Asili “Vecchie Viti” 2019;Roagna;Crna vina;Crna vina;0,75 l;550.00;550.00
roagna--barbaresco-paje-2019;Barbaresco Pajé 2019;Roagna;Crna vina;Crna vina;0,75 l;410.00;410.00
crissante-alessandria--barolo-la-morra-docg-2021;Barolo La Morra DOCG 2021;Crissante Alessandria;Crna vina;Crna vina;0,75 l;290.00;290.00
lalu--langhe-nebbiolo-2023;Langhe Nebbiolo 2023;Lalù;Crna vina;Crna vina;0,75 l;95.00;95.00
isole-e-olena--cabernet-sauvignon-collezione-de-marchi-2013;Cabernet Sauvignon Collezione de Marchi 2013;Isole e Olena;Crna vina;Crna vina;0,75 l;210.00;210.00
isole-e-olena--cepparello-2019;Cepparello 2019;Isole e Olena;Crna vina;Crna vina;0,75 l;210.00;210.00
le-piane--boca-2019;Boca 2019;Le Piane;Crna vina;Crna vina;0,75 l;120.00;120.00
le-piane--plinius-2017;Plinius 2017;Le Piane;Crna vina;Crna vina;0,75 l;200.00;200.00
le-piane--piane-2019;Piane 2019;Le Piane;Crna vina;Crna vina;0,75 l;90.00;90.00
conti-costanti--brunello-di-montalcino-2018;Brunello di Montalcino 2018;Conti Costanti;Crna vina;Crna vina;0,75 l;190.00;190.00
fattoria-di-magliano--heba-2021;Heba 2021;Fattoria di Magliano;Crna vina;Crna vina;0,75 l;52.00;52.00
fattoria-di-magliano--poggio-bestiale-2020;Poggio Bestiale 2020;Fattoria di Magliano;Crna vina;Crna vina;0,75 l;93.00;93.00
podere-poggio-scalette--il-carbonaione-2019;Il Carbonaione 2019;Podere Poggio Scalette;Crna vina;Crna vina;0,75 l;100.00;100.00
podere-poggio-scalette--piantonaia-2019;Piantonaia 2019;Podere Poggio Scalette;Crna vina;Crna vina;0,75 l;250.00;250.00
chiara-condello--predappio-sangiovese-2023;Predappio Sangiovese 2023;Chiara Condello;Crna vina;Crna vina;0,75 l;145.00;145.00
chiara-condello--predappio-sangiovese-2023;Predappio Sangiovese 2023;Chiara Condello;Crna vina;Crna vina;1,5 l;290.00;290.00
chiara-condello--riserva-le-lucciole-2022;Riserva “Le Lucciole” 2022;Chiara Condello;Crna vina;Crna vina;0,75 l;160.00;160.00
chiara-condello--riserva-le-lucciole-2022;Riserva “Le Lucciole” 2022;Chiara Condello;Crna vina;Crna vina;1,5 l;340.00;340.00
antinori--tignanello-2019;Tignanello 2019;Antinori;Crna vina;Crna vina;0,75 l;284.00;284.00
antinori--tignanello-2020;Tignanello 2020;Antinori;Crna vina;Crna vina;0,75 l;250.00;250.00
dal-forno-romano--valpolicella-d-o-c-superiore-2015;Valpolicella D.O.C. Superiore 2015;Dal Forno Romano;Crna vina;Crna vina;0,75 l;260.00;260.00
dal-forno-romano--amarone-della-valpolicella-d-o-c-2015;Amarone della Valpolicella D.O.C. 2015;Dal Forno Romano;Crna vina;Crna vina;0,75 l;689.00;689.00
ca-la-bionda--amarone-classico-vigna-ravazzol-2016;Amarone Classico Vigna Ravazzol 2016;Ca' La Bionda;Crna vina;Crna vina;0,75 l;130.00;130.00
giuseppe-quintarelli--amarone-classico-2015;Amarone Classico 2015;Giuseppe Quintarelli;Crna vina;Crna vina;0,75 l;757.00;757.00
giuseppe-quintarelli--valpolicella-superiore-2015;Valpolicella Superiore 2015;Giuseppe Quintarelli;Crna vina;Crna vina;0,75 l;260.00;260.00
montevertine--le-pergole-torte-2020;Le Pergole Torte 2020;Montevertine;Crna vina;Crna vina;0,75 l;410.00;410.00
montevertine--montevertine-2019;Montevertine 2019;Montevertine;Crna vina;Crna vina;0,75 l;150.00;150.00
azienda-duemani--cifra-2021;Cifra 2021;Azienda Duemani;Crna vina;Crna vina;0,75 l;88.00;88.00
azienda-duemani--duemani-2018;Duemani 2018;Azienda Duemani;Crna vina;Crna vina;0,75 l;350.00;350.00
radikon--pignoli-2010;Pignoli 2010;Radikon;Crna vina;Crna vina;0,5 l;94.00;94.00
soldera--case-basse-2020;Case Basse 2020;Soldera;Crna vina;Crna vina;0,75 l;1540.00;1540.00
angelo-gaja--barbaresco-2020;Barbaresco 2020;Angelo Gaja;Crna vina;Crna vina;0,75 l;745.00;745.00
tenuta-san-guido--sassicaia-2020;Sassicaia 2020;Tenuta San Guido;Crna vina;Crna vina;0,75 l;750.00;750.00
tenuta-san-guido--sassicaia-2021;Sassicaia 2021;Tenuta San Guido;Crna vina;Crna vina;0,75 l;850.00;850.00
tenuta-dell-ornellaia--ornellaia-2020;Ornellaia 2020;Tenuta dell'Ornellaia;Crna vina;Crna vina;0,75 l;750.00;750.00
antinori--solaia-2020;Solaia 2020;Antinori;Crna vina;Crna vina;0,75 l;945.00;945.00
poggio-di-sotto--brunello-di-montalcino-2019;Brunello di Montalcino 2019;Poggio di Sotto;Crna vina;Crna vina;0,75 l;495.00;495.00
poggio-di-sotto--brunello-di-montalcino-2020;Brunello di Montalcino 2020;Poggio di Sotto;Crna vina;Crna vina;0,75 l;495.00;495.00
edi-simcic--duet-lex-2022;Duet Lex 2022;Edi Simčič;Crna vina;Crna vina;0,75 l;130.00;130.00
marjan-simcic--merlot-opoka-2017;Merlot Opoka 2017;Marjan Simčič;Crna vina;Crna vina;0,75 l;125.00;125.00
marjan-simcic--pinot-noir-opoka-2021;Pinot Noir Opoka 2021;Marjan Simčič;Crna vina;Crna vina;0,75 l;125.00;125.00
marques-de-murrieta--castillo-ygay-2012;Castillo Ygay 2012;Marqués de Murrieta;Crna vina;Crna vina;0,75 l;350.00;350.00
casa-rojo--cl98-2020;CL98 2020;Casa Rojo;Crna vina;Crna vina;0,75 l;68.00;68.00
casa-rojo--tokyo-gomez-rojo-2021;Tokyo Gomez-Rojo 2021;Casa Rojo;Crna vina;Crna vina;0,75 l;180.00;180.00
lopez-de-heredia--bosconia-tinto-reserva-2013;Bosconia Tinto Reserva 2013;López de Heredia;Crna vina;Crna vina;0,75 l;75.00;75.00
resonance-vineyard--resonance-2015;Resonance 2015;Résonance Vineyard;Crna vina;Crna vina;0,75 l;100.00;100.00
walter-scott--cuvee-ruth-pinot-noir;Cuvée Ruth Pinot Noir;Walter Scott;Crna vina;Crna vina;0,75 l;90.00;90.00
tyler--mae-estate-2019;Mae Estate 2019;Tyler;Crna vina;Crna vina;0,75 l;120.00;120.00
occidental-kistler-vineyards--occidental-2018;Occidental 2018;Occidental – Kistler Vineyards;Crna vina;Crna vina;0,75 l;140.00;140.00
duckhorn--merlot-2018;Merlot 2018;Duckhorn;Crna vina;Crna vina;0,75 l;160.00;160.00
cakebread-cellars--cabernet-sauvignon-2018;Cabernet Sauvignon 2018;Cakebread Cellars;Crna vina;Crna vina;0,75 l;170.00;170.00
heitz-cellar--cabernet-sauvignon-2016;Cabernet Sauvignon 2016;Heitz Cellar;Crna vina;Crna vina;0,75 l;225.00;225.00
mayacamas--cabernet-sauvignon-2019;Cabernet Sauvignon 2019;Mayacamas;Crna vina;Crna vina;0,75 l;270.00;270.00
tanbark-hill-philip-togni--cabernet-sauvignon-2018;Cabernet Sauvignon 2018;Tanbark Hill (Philip Togni);Crna vina;Crna vina;0,75 l;150.00;150.00
philip-togni--cabernet-sauvignon-2019;Cabernet Sauvignon 2019;Philip Togni;Crna vina;Crna vina;0,75 l;280.00;280.00
domaine-eden--cabernet-sauvignon-2017;Cabernet Sauvignon 2017;Domaine Eden;Crna vina;Crna vina;0,75 l;170.00;170.00
ridge--cabernet-sauvignon-2018;Cabernet Sauvignon 2018;Ridge;Crna vina;Crna vina;0,75 l;170.00;170.00
ridge--geyserville-2021;Geyserville 2021;Ridge;Crna vina;Crna vina;0,75 l;140.00;140.00
lvmh-shangri-la--ao-yun-2018;Ao Yun 2018;LVMH – Shangri-La;Crna vina;Crna vina;0,75 l;525.00;525.00
gerzinic--muskat-2020;Muškat 2020;Geržinić;Desertna vina;Desertna vina;0,5 l;31.00;31.00
mrgudic--prosek-moskar;Prošek Moskar;Mrgudić;Desertna vina;Desertna vina;0,375 l;45.00;45.00
niko-bura--prosek-ruza-dalmatinska;Prošek Ruža Dalmatinska;Niko Bura;Desertna vina;Desertna vina;0,375 l;58.00;58.00
clai--tasel;Tasel;Clai;Desertna vina;Desertna vina;0,375 l;64.00;64.00
jakopic--rajnski-rizling-izborna-berba-2019;Rajnski rizling izborna berba 2019;Jakopić;Desertna vina;Desertna vina;0,75 l;60.00;60.00
weingut-joh-jos-prum--riesling-wehlener-sonnenuhr-auslese-2023;Riesling Wehlener Sonnenuhr Auslese 2023;Weingut Joh. Jos. Prüm;Desertna vina;Desertna vina;0,375 l;70.00;70.00
weingut-heymann-lowenstein--riesling-schieferterrassen-beerenauslese-2017;Riesling Schieferterrassen Beerenauslese 2017;Weingut Heymann-Löwenstein;Desertna vina;Desertna vina;0,375 l;115.00;115.00
weingut-wittmann--riesling-aulerde-auslese-2015;Riesling Aulerde Auslese 2015;Weingut Wittmann;Desertna vina;Desertna vina;0,5 l;94.00;94.00
zilliken--riesling-auslese-goldkapsel-2009;Riesling Auslese Goldkapsel 2009;Zilliken;Desertna vina;Desertna vina;0,375 l;390.00;390.00
giuseppe-quintarelli--recioto-classico-2011;Recioto Classico 2011;Giuseppe Quintarelli;Desertna vina;Desertna vina;0,5 l;250.00;250.00
ca-la-bionda--recioto-classico-2015;Recioto Classico 2015;Ca' La Bionda;Desertna vina;Desertna vina;0,75 l;145.00;145.00
donnafugata--ben-rye-2019;Ben Ryé 2019;Donnafugata;Desertna vina;Desertna vina;0,75 l;100.00;100.00
giuseppe-quintarelli--amabile-del-cere-2017;Amabile del Cere 2017;Giuseppe Quintarelli;Desertna vina;Desertna vina;0,375 l;495.00;495.00
chateau-d-yquem--sauternes-1er-cru-superieur-2020;Sauternes 1er Cru Supérieur 2020;Château d'Yquem;Desertna vina;Desertna vina;0,75 l;880.00;880.00
chateau-d-yquem--sauternes-1er-cru-superieur-2015;Sauternes 1er Cru Supérieur 2015;Château d'Yquem;Desertna vina;Desertna vina;0,75 l;940.00;940.00
latvijas-balzams--elit-stolichnaya;Elit Stolichnaya;Latvijas Balzams;Žestoka pića;Vodka;;5.00;5.00
gibson-s--london-dry-gin;London Dry Gin;Gibson's;Žestoka pića;Gin;;5.00;5.00
aura--karbun;Karbun;Aura;Žestoka pića;Gin;;5.00;5.00
brick-gin--straight-organic-distilled-dry-gin;Straight Organic Distilled Dry Gin;Brick Gin;Žestoka pića;Gin;;5.00;5.00
aviation--american-gin;American Gin;Aviation;Žestoka pića;Gin;;5.00;5.00
monkey-47--schwarzwald-dry-gin;Schwarzwald Dry Gin;Monkey 47;Žestoka pića;Gin;;7.00;7.00
mulassano--bianco;Bianco;Mulassano;Žestoka pića;Vermut i bitter;;5.00;5.00
mulassano--rosso;Rosso;Mulassano;Žestoka pića;Vermut i bitter;;5.00;5.00
mulassano--extra-dry;Extra Dry;Mulassano;Žestoka pića;Vermut i bitter;;5.00;5.00
mulassano--bitter;Bitter;Mulassano;Žestoka pića;Vermut i bitter;;5.00;5.00
cimarron--blanco;Blanco;Cimarrón;Žestoka pića;Tequila;;4.00;4.00
fortaleza--blanco;Blanco;Fortaleza;Žestoka pića;Tequila;;9.00;9.00
fortaleza--reposado;Reposado;Fortaleza;Žestoka pića;Tequila;;15.00;15.00
fortaleza--anejo;Añejo;Fortaleza;Žestoka pića;Tequila;;18.00;18.00
clase-azul--reposado;Reposado;Clase Azul;Žestoka pića;Tequila;;28.00;28.00
del-maguey--vida;Vida;Del Maguey;Žestoka pića;Mezcal;;7.00;7.00
bruxo--bruxo;Bruxo;Bruxo;Žestoka pića;Mezcal;;7.00;7.00
kilchoman-scotland--machir-bay;Machir Bay;Kilchoman;Žestoka pića;Viski;;6.00;6.00
scotland--glen-rothes-9y-artist-collective-2015;9Y Artist Collective 2015;Glenrothes;Žestoka pića;Viski;;19.00;19.00
scotland--sponge-ed-jura-1994;1994 – Whisky Sponge;Isle of Jura;Žestoka pića;Viski;;73.00;73.00
scotland--bladnoch-19y;19Y;Bladnoch;Žestoka pića;Viski;;36.00;36.00
scotland--glenmorangie-signet;Signet;Glenmorangie;Žestoka pića;Viski;;36.00;36.00
kavalan-taiwan--distillery-select;Distillery Select;Kavalan;Žestoka pića;Viski;;8.00;8.00
kavalan-taiwan--ex-sherry-oak;Ex-Sherry Oak;Kavalan;Žestoka pića;Viski;;11.00;11.00
kavalan-taiwan--solist;Solist;Kavalan;Žestoka pića;Viski;;25.00;25.00
mars-japan--maltage-cosmo;Maltage Cosmo;Mars Shinshu;Žestoka pića;Viski;;9.00;9.00
mars-japan--tsunuki-edition-2023;Tsunuki Edition 2023;Mars Tsunuki;Žestoka pića;Viski;;16.00;16.00
mars-japan--komagatake-limited-edition-2018;Komagatake Limited Edition 2018;Mars Shinshu;Žestoka pića;Viski;;36.00;36.00
usa--westward;American Single Malt;Westward;Žestoka pića;Viski;;18.00;18.00
usa--redemption;Rye;Redemption;Žestoka pića;Viski;;6.00;6.00
veritas--white-blended-rum;White Blended Rum;Veritas;Žestoka pića;Rum;;5.00;5.00
clairin--sajous;Sajous;Clairin;Žestoka pića;Rum;;6.00;6.00
clairin--casimir;Casimir;Clairin;Žestoka pića;Rum;;6.00;6.00
clairin--vaval;Vaval;Clairin;Žestoka pića;Rum;;6.00;6.00
hampden-estate--hlcf-classic-4y;HLCF Classic 4Y;Hampden Estate;Žestoka pića;Rum;;7.00;7.00
hampden-estate--pure-single-jamaican-rum-8y;Pure Single Jamaican Rum 8Y;Hampden Estate;Žestoka pića;Rum;;10.00;10.00
velier--papalim-7y;Papalin 7Y;Velier;Žestoka pića;Rum;;10.00;10.00
long-pond--cambridge-2005;Cambridge 2005;Long Pond;Žestoka pića;Rum;;27.00;27.00
mount-gay--last-ward-2007-barbados;The Last Ward 2007;Mount Gay;Žestoka pića;Rum;;30.00;30.00
chelo-saint-michael--vieux-sajous-2018;Vieux Sajous 2018;Chelo;Žestoka pića;Rum;;13.00;13.00
beenleigh--australia-2015;Australia 2015;Beenleigh;Žestoka pića;Rum;;10.00;10.00
japanese-rhum--nine-leaves-2016;2016;Nine Leaves;Žestoka pića;Rum;;20.00;20.00
hampden-estate--pagos-sherry-cask;Pagos – Sherry Cask;Hampden Estate;Žestoka pića;Rum;;12.00;12.00
hampden-estate--great-house-2024;Great House 2024;Hampden Estate;Žestoka pića;Rum;;13.00;13.00
foursquare--raconteur;Raconteur;Foursquare;Žestoka pića;Rum;;35.00;35.00
habitation-velier--renegade-2020;Renegade 2020;Renegade;Žestoka pića;Rum;;14.00;14.00
foursquare--absolutio-15y;Absolutio 15Y;Foursquare;Žestoka pića;Rum;;27.00;27.00
through-the-grapevine--chateau-de-beaulon-1988-fins-bois;1988 Fins Bois;Château de Beaulon;Žestoka pića;Cognac;;25.00;25.00
through-the-grapevine--michel-forgeron-1992-grande-champagne;1992 Grande Champagne;Michel Forgeron;Žestoka pića;Cognac;;25.00;25.00
ohishi--premium-mizunara;Premium Mizunara;Ohishi;Žestoka pića;Shochu;;16.00;16.00
wise-grus--sljivovica;Šljivovica;Wise Grus;Rakije, grappe, likeri i pivo;Rakija;;5.00;5.00
wise-grus--viljamovka;Viljamovka;Wise Grus;Rakije, grappe, likeri i pivo;Rakija;;5.00;5.00
wise-grus--travarica;Travarica;Wise Grus;Rakije, grappe, likeri i pivo;Rakija;;5.00;5.00
wise-grus--loza;Loza;Wise Grus;Rakije, grappe, likeri i pivo;Rakija;;5.00;5.00
wise-grus--orahovac;Orahovac;Wise Grus;Rakije, grappe, likeri i pivo;Rakija;;5.00;5.00
wise-grus--visnjevac;Višnjevac;Wise Grus;Rakije, grappe, likeri i pivo;Rakija;;5.00;5.00
wise-grus--medica;Medica;Wise Grus;Rakije, grappe, likeri i pivo;Rakija;;5.00;5.00
wise-grus--teranino;Teranino;Wise Grus;Rakije, grappe, likeri i pivo;Rakija;;5.00;5.00
lorenzo-inga--bianca;Bianca;Lorenzo Inga;Rakije, grappe, likeri i pivo;Grappa;;5.00;5.00
lorenzo-inga--barrique;Barrique;Lorenzo Inga;Rakije, grappe, likeri i pivo;Grappa;;5.00;5.00
lorenzo-inga--riserva-18-mesi;Riserva 18 Mesi;Lorenzo Inga;Rakije, grappe, likeri i pivo;Grappa;;6.00;6.00
lorenzo-inga--amarone-invecchiata;Amarone Invecchiata;Lorenzo Inga;Rakije, grappe, likeri i pivo;Grappa;;8.00;8.00
umeshu-genshu;Umeshu Genshu;Hakutsuru;Rakije, grappe, likeri i pivo;Likeri;;6.00;6.00
appenzeller;Alpenbitter;Appenzeller Alpenbitter;Rakije, grappe, likeri i pivo;Likeri;;6.00;6.00
wise-grus--ginko-pelinkovac;Ginko Pelinkovac;Wise Grus;Rakije, grappe, likeri i pivo;Likeri;;4.00;4.00
jagermeister-manifest;Manifest;Jägermeister;Rakije, grappe, likeri i pivo;Likeri;;9.00;9.00
zmajska-pivovara--pils;Pils;Zmajska pivovara;Rakije, grappe, likeri i pivo;Pivo;0,5 l;6.00;6.00
romerquelle;Römerquelle;;Vode i ostala pića;Mineralna voda;0,75 l;5.00;5.00
romerquelle-gazirana;Römerquelle gazirana;;Vode i ostala pića;Mineralna voda;0,75 l;5.00;5.00
romerquelle-limunska-trava;Römerquelle limunska trava;;Vode i ostala pića;Mineralna voda;0,35 l;3.70;3.70
saint-geron;Saint Géron;;Vode i ostala pića;Mineralna voda;0,75 l;6.50;6.50
saint-geron-gazirana;Saint Géron gazirana;;Vode i ostala pića;Mineralna voda;0,75 l;6.50;6.50
artesian;Artesian;;Vode i ostala pića;Mineralna voda;0,75 l;6.50;6.50
artesian-gazirana;Artesian gazirana;;Vode i ostala pića;Mineralna voda;0,75 l;6.50;6.50
jana;Jana;;Vode i ostala pića;Mineralna voda;0,25 l;4.00;4.00
jana;Jana;;Vode i ostala pića;Mineralna voda;0,75 l;5.00;5.00
jamnica;Jamnica;;Vode i ostala pića;Mineralna voda;0,33 l;4.00;4.00
jamnica;Jamnica;;Vode i ostala pića;Mineralna voda;0,75 l;5.00;5.00
jamnica-sensation;Jamnica Sensation;;Vode i ostala pića;Mineralna voda;0,25 l;3.00;3.00
schweppes-indian-tonic-water;Schweppes Indian Tonic Water;;Vode i ostala pića;Tonik;0,25 l;4.00;4.00
svjeze-cijedeni-sok;Svježe cijeđeni sok;;Vode i ostala pića;Sokovi i bezalkoholna pića;0,3 l;5.00;5.00
coca-cola;Coca-Cola;;Vode i ostala pića;Sokovi i bezalkoholna pića;0,25 l;4.00;4.00
coca-cola-zero;Coca-Cola Zero;;Vode i ostala pića;Sokovi i bezalkoholna pića;0,25 l;4.00;4.00
espresso;Espresso;;Vode i ostala pića;Kava;;4.00;4.00
macchiato;Macchiato;;Vode i ostala pića;Kava;;4.00;4.00
